todo_id, todo_title, todo_category, todo_detail, due_date, public, finished
1,人参を買う,2,会社の帰りにスーパーに寄って人参を買う, 2016-05-23, false, false
2,じゃがいもを買う,2,会社の帰りにスーパーに寄ってじゃがいもを買う, 2016-05-23, false, false
3,カレー粉を買う,2,会社の帰りにスーパーに寄ってカレー粉を買う, 2016-05-23, false, false
4,お米を買う,2,会社の帰りにスーパーに寄ってお米を買う, 2016-05-23, false, false
5,打ち合わせ,1,10時からの打ち合わせに出る, 2016-05-24, false, false
6,勉強会,2,会社帰りに勉強会に参加する, 2016-06-18, false, false
7,人参を買う,2,会社の帰りにスーパーに寄って人参を買う, 2016-05-23, false, false
8,人参を買う,2,会社の帰りにスーパーに寄って人参を買う, 2016-05-23, false, false
9,人参を買う,2,会社の帰りにスーパーに寄って人参を買う, 2016-05-23, false, false
10,人参を買う,2,会社の帰りにスーパーに寄って人参を買う, 2016-05-23, false, false
11,人参を買う,2,会社の帰りにスーパーに寄って人参を買う, 2016-05-23, false, false
12,人参を買う,2,会社の帰りにスーパーに寄って人参を買う, 2016-05-23, false, false
13,人参を買う,2,会社の帰りにスーパーに寄って人参を買う, 2016-05-23, false, false
14,人参を買う,2,会社の帰りにスーパーに寄って人参を買う, 2016-05-23, false, false
15,人参を買う,2,会社の帰りにスーパーに寄って人参を買う, 2016-05-23, false, false
16,人参を買う,2,会社の帰りにスーパーに寄って人参を買う, 2016-05-23, false, false
17,人参を買う,2,会社の帰りにスーパーに寄って人参を買う, 2016-05-23, false, false
18,人参を買う,2,会社の帰りにスーパーに寄って人参を買う, 2016-05-23, false, false
19,人参を買う,2,会社の帰りにスーパーに寄って人参を買う, 2016-05-23, false, false
20,人参を買う,2,会社の帰りにスーパーに寄って人参を買う, 2016-05-23, false, false
21,人参を買う,2,会社の帰りにスーパーに寄って人参を買う, 2016-05-23, false, false